{"cameraMode":{"drawMode":0,"name":"Shaded","section":"Shading Mode"},"sceneLighting":false,"audioPlay":false,"sceneViewState":{"m_AlwaysRefresh":false,"showFog":false,"showSkybox":false,"showFlares":false,"showImageEffects":false,"showParticleSystems":false,"showVisualEffectGraphs":true,"m_FxEnabled":true},"in2DMode":false,"pivot":{"x":0.9313288927078247,"y":1.2858916521072388,"z":-0.02985560894012451},"rotation":{"x":0.05385272949934006,"y":0.9199276566505432,"z":-0.13621187210083009,"w":0.3637026846408844},"size":1.4018045663833619,"orthographic":false}